event_id,well_id,pad_id,event_time,current_lift_mode,before_liquid_rate_m3d,before_gas_rate_e3m3d,before_watercut_pct,before_tubing_pressure_kpa,before_casing_pressure_kpa,before_line_pressure_kpa,before_production_volatility,before_arrival_reliability_pct,before_missed_arrivals_7d,current_gas_injection_e3m3d,current_afterflow_min,current_close_time_min,action_delta_gas_e3m3d,action_delta_afterflow_min,action_delta_close_time_min,days_since_last_change,data_quality_score,downtime_flag,facility_constraint_flag,high_watercut_regime,liquid_loading_risk_score,event_quality_label,target_delta_liquid_48h_m3d
EVT_0001,WELL_09,PAD_3,2023-12-23,gas_lift,16.15,40.22,88.2,2102,4559,968,1.998,82.2,0,23.21,16.5,38.6,-4.17,1.4,-0.3,1,0.908,0,0,1,1,clean,6.76
EVT_0006,WELL_04,PAD_2,2024-01-04,gas_lift,2.45,70.97,27.3,2461,3833,1288,3.126,84.4,1,13.65,13.2,59.6,-3.74,-0.8,-1.1,69,0.482,1,1,0,1,low_quality,2.48
EVT_0002,WELL_08,PAD_3,2024-01-09,gas_assisted_plunger,9.22,53.5,45.1,2139,3989,1280,2.783,67.1,3,13.25,31,128.7,-5.44,-7.1,-4.3,19,0.874,0,0,0,1,clean,-4.45
EVT_0004,WELL_01,PAD_1,2024-01-13,gas_lift,35.81,56.57,55.4,2176,4478,1266,2.2,85.8,0,34.95,32.1,56.8,-4.86,0.5,0.2,37,0.789,0,0,0,1,clean,-4.7
EVT_0003,WELL_03,PAD_1,2024-01-14,plunger_assisted_gas_lift,25.43,71.28,38.1,1573,4014,1212,1.198,76,1,30.41,37.4,111.7,5.27,5.1,35,18,0.879,0,0,0,0.677,low_quality,-9.02
EVT_0005,WELL_12,PAD_4,2024-01-14,gas_assisted_plunger,25.5,64.5,66.9,2623,4640,951,0.975,76.9,2,53.73,43,79.6,0.44,-7.1,-4,13,0.822,0,0,0,0.802,clean,1.28
EVT_0007,WELL_03,PAD_1,2024-01-20,plunger_assisted_gas_lift,22.96,60.73,30.4,2470,4522,801,2.131,85.8,4,33.11,18.6,77.8,1.14,-4.7,10.2,2,0.909,0,0,0,1,clean,-2.52
EVT_0011,WELL_12,PAD_4,2024-01-22,gas_assisted_plunger,15.38,62.94,60.1,2064,4651,1186,2.613,60.9,6,51.23,46.1,137.8,0.92,6.5,-7.7,4,0.758,1,0,0,1,contaminated,-7
EVT_0008,WELL_04,PAD_2,2024-01-23,plunger_assisted_gas_lift,9.71,63.54,49.6,2550,3964,1156,2.026,73.1,1,26.96,38.3,98.1,-1.82,15.3,12.8,10,0.973,0,0,0,1,clean,-1.34
EVT_0009,WELL_05,PAD_2,2024-01-24,plunger_dominant,34.42,35.01,56.2,1639,3786,971,2.066,64.6,5,16.49,44.2,110.7,-0.9,14.9,-12.2,7,0.947,0,0,0,1,clean,-1
EVT_0010,WELL_03,PAD_1,2024-01-28,plunger_assisted_gas_lift,20.14,54.64,39.3,2398,4218,1136,0.856,98.5,0,27.57,46.9,143.8,-4.22,-0.9,11.7,17,0.71,0,0,0,0.459,clean,-4.69
EVT_0012,WELL_02,PAD_1,2024-01-30,gas_lift,47.44,58.3,46,1991,4935,1257,2.1,80.6,2,47.58,40,56.5,5.4,1,-0.1,5,0.944,0,0,0,1,clean,-0.79
EVT_0013,WELL_07,PAD_3,2024-01-31,gas_assisted_plunger,31.57,22.85,59.4,2115,4217,1076,1.471,79.1,1,10.25,35.7,91.3,-2.69,6.3,-3.4,2,0.877,0,0,0,0.874,clean,-3
EVT_0015,WELL_12,PAD_4,2024-02-03,gas_assisted_plunger,13.92,75.53,72.7,2133,4422,1114,1.328,69.5,1,25.09,12,107.1,-3.35,-7.3,-6.9,3,0.94,0,0,1,0.909,clean,-2.98
EVT_0021,WELL_02,PAD_1,2024-02-03,gas_lift,47.1,47.16,38.3,2305,3969,1184,1.805,83.5,0,43.31,29.9,39.5,3.97,-3.4,-2.1,19,0.919,0,0,0,0.816,clean,3.2
EVT_0014,WELL_08,PAD_3,2024-02-04,gas_assisted_plunger,5.89,53.04,47.6,2547,4433,1666,2.178,80.1,1,20.83,12.5,85.3,2.24,-12.5,2.5,7,0.856,0,0,0,1,clean,0.98
EVT_0016,WELL_03,PAD_1,2024-02-13,plunger_assisted_gas_lift,16.26,61.67,40,2363,3741,1232,0.608,90.8,1,32.54,49.5,64.7,-0.39,-8.2,-2.6,34,0.893,0,0,0,0.451,low_quality,-0.53
EVT_0017,WELL_12,PAD_4,2024-02-15,gas_assisted_plunger,19.77,59.36,56.5,2532,5283,1354,1.215,75.6,2,66.77,15.2,98.2,-1.21,7.1,1.1,17,0.762,0,0,0,0.836,clean,0.17
EVT_0019,WELL_02,PAD_1,2024-02-18,gas_lift,41.7,70,41.1,2587,3714,1519,2.327,87.4,1,42.52,26,105.8,2.88,-0.5,-1.7,29,0.768,1,0,0,1,clean,-1.78
EVT_0018,WELL_07,PAD_3,2024-02-19,gas_lift,28.26,40.51,44.7,2482,4232,892,0.918,83.5,,40.9,0,47.3,0.15,-0.4,2.9,31,1,0,0,0,0.598,clean,-1.13
EVT_0028,WELL_02,PAD_1,2024-02-24,gas_lift,36.27,54.03,35.9,2060,4153,1292,1.053,92.2,1,45.92,34.1,55.7,3,6.1,1.6,13,0.931,0,0,0,0.584,clean,-0.52
EVT_0023,WELL_01,PAD_1,2024-02-29,gas_lift,31.12,48.59,52.5,1607,3922,1194,3.253,85.9,0,20.98,41.2,86.4,-10.12,-3.8,-2.5,3,0.832,0,0,0,1,clean,-13.74
EVT_0020,WELL_12,PAD_4,2024-03-02,gas_lift,11.03,67.74,46.4,2339,4269,1251,1.315,95.2,0,52.74,26.8,43.4,-5.01,-4.1,-7.6,28,0.765,0,0,0,0.662,clean,-4.26
EVT_0022,WELL_05,PAD_2,2024-03-03,gas_assisted_plunger,21.89,21.26,64.9,2731,4214,1080,1.691,80,1,25.06,35.9,78.1,5.59,7.6,-4.3,4,0.893,0,0,0,0.976,low_quality,-1.14
EVT_0024,WELL_07,PAD_3,2024-03-04,gas_assisted_plunger,23.43,11.55,52.5,2327,3761,988,1.135,94.1,0,6.41,61.9,72.4,-4.38,-0.6,-3.7,29,0.827,0,0,0,0.632,clean,-1.7
EVT_0025,WELL_06,PAD_2,2024-03-08,plunger_dominant,42.71,79.2,73.9,2134,4129,865,1.486,67.1,1,38.87,49.4,106.4,4.35,10.9,-32.5,18,0.812,0,0,1,0.975,low_quality,-0.88
EVT_0026,WELL_07,PAD_3,2024-03-08,gas_lift,12.09,43.02,56.6,2574,4091,1081,2.388,83.7,1,5,20.5,84.1,-4.8,2.4,-1.2,6,0.816,0,0,0,1,clean,-9.3
EVT_0035,WELL_02,PAD_1,2024-03-09,gas_lift,33.81,74.16,46.7,2346,4124,905,2.615,87.3,0,36.29,22,43.2,-10.74,-0.5,-4.6,15,0.726,0,0,0,1,clean,-1.52
EVT_0029,WELL_05,PAD_2,2024-03-09,gas_assisted_plunger,23.17,14.34,44.3,2505,4190,917,1.284,77.4,2,21.76,42.6,127.4,1.17,2,18.9,59,0.894,0,0,0,0.796,clean,3.17
EVT_0030,WELL_10,PAD_4,2024-03-11,gas_assisted_plunger,26.59,38.14,66.8,2201,5250,1022,1.319,88.8,0,42.61,50.1,88.8,0.49,9.3,10,26,0.84,0,0,0,0.778,clean,0.17
EVT_0027,WELL_05,PAD_2,2024-03-13,gas_assisted_plunger,30.62,21.78,50.7,2475,3307,1017,1.683,55.8,2,23.92,42.9,74.1,6.54,-3,-14.1,25,0.836,0,0,0,1,clean,4.93
EVT_0034,WELL_08,PAD_3,2024-03-26,gas_assisted_plunger,7.48,19.07,33.4,2325,5306,,1.128,68.9,,36.38,35.1,124.4,4.27,4,3.1,3,0.906,0,0,0,0.764,clean,2.13
EVT_0038,WELL_01,PAD_1,2024-03-28,plunger_assisted_gas_lift,31.48,37.43,53.7,2360,3531,924,2.222,76.2,3,20.92,25.3,48.9,12.81,5.8,8.2,22,0.806,0,1,0,1,contaminated,1.32
EVT_0032,WELL_08,PAD_3,2024-03-28,gas_assisted_plunger,9.07,56.07,43.3,2839,4815,1066,1.298,73.4,2,32.72,28.2,115.6,0.5,-11.1,-13.3,68,0.908,0,0,0,0.804,clean,-0.65
EVT_0031,WELL_10,PAD_4,2024-03-29,gas_lift,19.93,62.51,46.8,2692,4559,1253,1.603,85.8,0,42.78,28.2,58.9,3.9,-3.1,-0.2,2,0.877,0,0,0,0.784,clean,0.47
EVT_0033,WELL_09,PAD_3,2024-03-29,gas_assisted_plunger,23.92,68.53,53.4,3417,4609,1050,2.919,62.8,1,52.17,29.6,76.8,-0.13,17.1,-11.2,100,0.89,0,0,0,1,clean,2.43
EVT_0039,WELL_04,PAD_2,2024-04-02,plunger_assisted_gas_lift,7.98,51.75,48,2147,3635,1276,0.887,75.9,1,43.25,64.2,95.6,-8.76,3.5,-0.2,29,0.804,0,1,0,0.619,low_quality,-1.59
EVT_0036,WELL_08,PAD_3,2024-04-03,gas_lift,21.36,32.72,25.6,2309,3647,845,0.953,94,0,24.4,26.4,64.1,13.97,-8.7,8.4,2,0.689,1,0,0,0.434,low_quality,7.66
EVT_0040,WELL_09,PAD_3,2024-04-03,gas_lift,24.38,58.06,61.4,2746,4067,968,1.77,92.5,1,16.94,13.6,50,-0.44,3.3,-2.2,4,0.805,0,0,0,0.962,clean,0.57
EVT_0037,WELL_07,PAD_3,2024-04-05,gas_lift,23.71,34.61,49.7,2412,4345,1130,2.082,83.7,1,24.54,20.6,48.3,1.13,0.9,-3.1,26,0.943,0,0,0,1,clean,5.77
EVT_0041,WELL_02,PAD_1,2024-04-09,gas_lift,50.32,54.64,41.9,2379,4157,1014,0.805,90.4,0,59.38,23,59.7,-21.78,1.4,8.5,7,1,0,0,0,0.471,clean,-8.76
EVT_0042,WELL_09,PAD_3,2024-04-14,gas_lift,15.21,27.91,53.8,2143,4574,1061,1.974,85.4,,27.32,22.1,46.8,-8.45,-3.6,0.2,31,0.751,0,0,0,1,clean,-5.53
EVT_0044,WELL_04,PAD_2,2024-04-15,plunger_assisted_gas_lift,12.6,56.07,21.2,2092,4275,1113,0.722,78.6,1,20.64,37.3,94.3,-8.44,7.3,6,9,1,0,0,0,0.422,clean,-1
EVT_0045,WELL_06,PAD_2,2024-04-22,gas_lift,33.97,54.3,76.3,2793,3991,841,2.44,81.5,0,59.87,30.1,52.6,-2.39,0,8.9,5,0.669,1,0,1,1,low_quality,6.03
EVT_0047,WELL_06,PAD_2,2024-04-24,plunger_dominant,40.09,78.81,64.9,2149,4700,1170,2.595,69.3,1,26.39,59.5,135,2.96,8.6,-4.4,47,0.763,0,0,0,1,clean,-0.67
EVT_0048,WELL_08,PAD_3,2024-04-30,gas_assisted_plunger,18.33,32.32,34.2,2490,3004,,1.304,80,1,3.91,32.4,76.5,1.73,-9.6,-0.5,7,0.933,0,0,0,0.687,clean,1.62
EVT_0043,WELL_12,PAD_4,2024-05-02,gas_lift,15.18,78.41,59.3,2468,4252,1000,1.274,91,1,49.06,24.9,54.5,4.5,-2,2.1,12,0.831,0,0,0,0.78,clean,2.6
EVT_0049,WELL_08,PAD_3,2024-05-03,gas_assisted_plunger,14.11,34.13,22.6,3049,4286,1108,0.519,87.5,2,16.85,32.6,106.2,-20.3,-8.9,-5.5,37,0.814,0,0,0,0.4,clean,-8.01
EVT_0046,WELL_01,PAD_1,2024-05-04,gas_assisted_plunger,46.8,42.61,40.7,2674,3851,1324,2.189,75.9,0,31.56,60.7,60.2,0.34,-1.8,1.1,1,0.652,0,1,0,0.978,contaminated,-2.04
EVT_0054,WELL_11,PAD_4,2024-05-12,plunger_dominant,15.93,29.75,60.2,3002,3963,1077,1.335,71.6,3,14.13,48.1,88.5,-10.3,-1.4,35,2,0.985,0,0,0,0.965,low_quality,-11.46
EVT_0052,WELL_09,PAD_3,2024-05-13,gas_lift,16.26,59.56,66.5,2491,4502,980,1.162,88,1,51.08,15.8,44.5,-0.08,0.3,-4.5,9,0.885,0,0,0,0.783,low_quality,-0.87
EVT_0056,WELL_02,PAD_1,2024-05-14,gas_lift,39.69,75.54,62.1,2511,4425,1139,1.71,88,0,46.79,14.9,77.8,-0.91,3.9,5.2,7,0.878,0,0,0,0.893,clean,-1.62
EVT_0055,WELL_05,PAD_2,2024-05-15,gas_assisted_plunger,18.92,30.77,51.7,1628,5213,1092,0.891,100,0,27.31,44.2,123.9,-11.12,8,-7.5,61,0.811,0,0,0,0.53,low_quality,-7.29
EVT_0050,WELL_08,PAD_3,2024-05-17,gas_assisted_plunger,11.93,22.47,40.9,2420,5040,950,1.072,,2,20.75,34,117.3,-7.82,8.5,10.2,72,0.696,0,0,0,0.697,clean,-5.14
EVT_0053,WELL_09,PAD_3,2024-05-18,gas_lift,21.73,45.89,64.9,2084,3373,1377,1.693,86.9,1,21.12,35.1,9.3,11.96,2.8,2.2,10,0.845,0,0,0,0.963,clean,3.08
EVT_0057,WELL_10,PAD_4,2024-05-19,gas_assisted_plunger,37.51,25.71,55.6,2650,3825,946,1.089,69,2,36.79,48,84.4,-8.32,-4.8,-14.5,1,0.907,0,0,0,0.801,clean,-2.66
EVT_0051,WELL_01,PAD_1,2024-05-20,plunger_dominant,43.99,43.77,75.3,2343,4600,902,1.457,,1,51.09,25.1,60.6,-1.73,-14.1,-7,11,0.776,0,0,1,0.937,low_quality,2.96
EVT_0058,WELL_04,PAD_2,2024-05-20,plunger_assisted_gas_lift,12.08,37.43,33.1,2457,4537,1120,0.811,86.4,3,49.18,52.6,104.2,12.29,-11.8,-3.1,2,0.707,1,0,0,0.616,contaminated,-1.12
EVT_0060,WELL_03,PAD_1,2024-06-02,plunger_assisted_gas_lift,21.41,56.43,32.8,2644,4192,992,0.609,80.9,0,52.72,17.2,52.4,4.18,-1.6,0.1,1,0.735,0,1,0,0.375,low_quality,4.13
EVT_0059,WELL_02,PAD_1,2024-06-06,gas_lift,50.51,60.03,34.6,1943,4666,1183,1.886,90.5,0,40.68,0,68.6,8.11,-1.1,3.5,10,0.898,0,0,0,0.812,clean,6.38
EVT_0061,WELL_05,PAD_2,2024-06-10,gas_assisted_plunger,22.04,26.69,61.2,2917,3526,879,1.702,75.2,4,15.06,51.7,103.4,-2.07,4.6,12.9,19,0.747,1,0,0,1,contaminated,6.84
EVT_0062,WELL_09,PAD_3,2024-06-13,gas_lift,23.43,42.25,58.9,2563,3727,1373,1.83,92.4,0,41.78,23.1,39.6,-7.98,1.9,5.3,1,0.869,0,0,0,0.91,clean,-3.93
EVT_0064,WELL_06,PAD_2,2024-06-13,plunger_assisted_gas_lift,26.41,56.06,72,2352,4089,872,1.047,78.9,1,29.31,41.8,63.1,1.81,-0.1,4.8,13,0.845,0,0,1,0.789,clean,-0.47
EVT_0065,WELL_12,PAD_4,2024-06-19,gas_assisted_plunger,14.8,67.93,41.8,2774,4604,1326,0.792,72.9,2,35.61,47.5,109,3.61,-8.2,-20.3,11,0.791,1,0,0,0.62,contaminated,1.17
EVT_0066,WELL_03,PAD_1,2024-06-20,plunger_assisted_gas_lift,20.58,52.88,42.9,2571,3401,981,1.413,52.1,8,15,56,84.9,8.31,-23.5,7.9,1,0.896,0,0,0,1,clean,-3.18
EVT_0067,WELL_08,PAD_3,2024-06-22,plunger_dominant,23.71,35.16,27.6,2493,3963,1128,1.303,80.2,2,16.45,47.6,43.6,9.49,5.4,4.7,2,0.943,0,0,0,0.713,clean,1.06
EVT_0069,WELL_02,PAD_1,2024-06-25,gas_lift,36.31,58.72,41.9,3016,4403,1169,1.907,90.3,0,32.45,23.3,58.7,-14.74,2.6,0.6,51,0.895,0,0,0,0.856,clean,-8.35
EVT_0063,WELL_03,PAD_1,2024-06-25,gas_lift,13.15,46.55,31.6,1977,3060,1094,0.919,92.8,1,39.3,1.5,61.7,7.01,-1.5,-3.5,33,0.897,0,0,0,0.514,clean,1.22
EVT_0068,WELL_03,PAD_1,2024-06-29,plunger_assisted_gas_lift,19.67,31.33,31.1,1741,4216,1242,0.728,84.3,1,33.33,63.6,121,-6.08,6.3,10.1,29,0.925,0,0,0,0.462,clean,2.11
EVT_0070,WELL_09,PAD_3,2024-07-02,gas_lift,17.27,57,60.8,2675,3975,1345,1.401,88.6,0,28.95,10.6,9.1,-7.73,-4.2,4.9,34,0.854,0,0,0,0.777,clean,-2.12
EVT_0074,WELL_11,PAD_4,2024-07-02,plunger_assisted_gas_lift,21.69,58.74,54.1,1307,3655,1126,1.417,77.4,2,29,32.1,122.9,2.89,-1,-1.1,34,0.912,0,0,0,0.891,clean,0.24
EVT_0073,WELL_10,PAD_4,2024-07-03,gas_assisted_plunger,31.78,45.91,52,1882,4472,957,1.411,79.4,1,16.99,44.4,87.5,-2.99,-5.6,15,53,0.775,0,0,0,0.815,clean,0.03
EVT_0076,WELL_10,PAD_4,2024-07-08,gas_lift,30.92,32.16,54.7,1680,4093,1333,2.084,85.8,0,49.57,39.2,44.3,1.58,2.9,-2.6,6,0.697,0,1,0,0.992,low_quality,-2.97
EVT_0072,WELL_09,PAD_3,2024-07-11,gas_lift,27.15,47.03,37.2,1873,4782,1209,1.662,82.9,0,39.43,16.7,40.1,-4.38,-0.5,6.6,1,0.923,0,0,0,0.762,clean,-6.7
EVT_0071,WELL_08,PAD_3,2024-07-12,gas_lift,14.98,32.56,55.8,2526,4416,1072,2.65,81.1,4,11.91,32.9,37.8,16.73,2.7,-3.8,37,0.628,1,0,0,1,contaminated,8.9
EVT_0078,WELL_10,PAD_4,2024-07-13,plunger_assisted_gas_lift,29.69,52.99,32.6,2284,3710,1157,3.001,81.7,4,41.99,44.8,102.4,-2.32,5.4,-6.4,7,0.873,0,0,0,1,clean,1.22
EVT_0077,WELL_11,PAD_4,2024-07-13,gas_assisted_plunger,24.75,27.91,69.3,2124,4615,712,2.058,49.4,4,26.88,56.6,110.5,-24.16,-5.4,14.3,30,0.622,1,0,0,1,clean,-4.72
EVT_0081,WELL_10,PAD_4,2024-07-17,gas_assisted_plunger,28.87,47.27,40.6,2841,4474,1469,0.856,84.8,0,49.84,63.2,74.3,0.63,-7,-10.9,14,0.996,0,0,0,0.493,clean,-0.26
EVT_0075,WELL_04,PAD_2,2024-07-18,plunger_assisted_gas_lift,6.52,56.85,42.9,2567,3959,1049,1.227,69.2,4,26.81,46.1,73.8,7.27,2,1.8,54,0.825,0,0,0,0.905,clean,2.75
EVT_0080,WELL_12,PAD_4,2024-07-20,gas_assisted_plunger,11.94,48.18,38.4,3271,4329,996,0.591,79.9,3,55.22,40,60.4,2.87,-3.3,3.1,5,0.774,0,0,0,0.579,low_quality,0.1
EVT_0079,WELL_03,PAD_1,2024-07-22,plunger_assisted_gas_lift,7.34,51.55,28.4,3039,4642,1116,4.394,64.9,3,35.98,65.1,94.7,1.26,-11.9,12.2,30,0.744,0,1,0,1,clean,-2.23
EVT_0082,WELL_11,PAD_4,2024-07-22,plunger_dominant,21.63,23.42,75.5,2451,4170,718,1.996,67.8,4,39.61,48,89.4,-0.96,-1.1,9.9,5,0.881,0,0,1,1,clean,-4.48
EVT_0086,WELL_04,PAD_2,2024-08-07,plunger_assisted_gas_lift,11.54,43.49,27.4,2584,3403,1354,1.057,76.8,4,21.83,48.4,41,-0.23,15.5,4.3,12,0.876,0,0,0,0.753,clean,1.43
EVT_0083,WELL_08,PAD_3,2024-08-08,gas_assisted_plunger,17.04,24.96,12.4,1698,3415,1229,1.439,68.6,3,29.34,21.9,92.3,13.69,-6,-16.5,28,0.853,0,0,0,0.768,low_quality,6.54
EVT_0084,WELL_08,PAD_3,2024-08-10,gas_assisted_plunger,17.18,38.85,26.4,2234,3294,1198,1.057,70.7,2,2.53,59.3,103.6,-14.54,4.6,11.6,2,0.888,0,0,0,0.64,clean,-11.22
EVT_0085,WELL_07,PAD_3,2024-08-10,gas_lift,23.18,5.98,51.5,3515,3862,990,1.2,91.9,1,10.98,26.6,32.9,1.97,1.7,-3.7,4,0.889,0,0,0,0.713,clean,-2.13
EVT_0088,WELL_08,PAD_3,2024-08-12,gas_assisted_plunger,10.82,47.41,43.9,2383,3635,1088,1.681,75.1,0,31.63,47.5,126.4,4.13,5,-13.7,20,0.885,0,0,0,0.818,clean,1.14
EVT_0087,WELL_05,PAD_2,2024-08-17,gas_assisted_plunger,28.7,28.64,60.4,3040,3906,966,1.688,72.9,3,28.71,20.3,89.1,-1.09,-10.7,-1,24,0.877,0,0,0,1,clean,-2.8
EVT_0089,WELL_03,PAD_1,2024-08-18,plunger_assisted_gas_lift,23.65,54.76,48.3,1716,3790,974,2.588,64.4,6,35.46,27.3,44.5,-25,12.4,-26,13,0.843,0,0,0,1,clean,-17.14
EVT_0093,WELL_11,PAD_4,2024-08-20,plunger_dominant,24.96,42.8,65.8,2378,4202,984,1.757,73.7,0,39.88,34,85.6,1.53,-12.4,-1.3,13,0.818,0,0,0,0.956,clean,-7.23
EVT_0092,WELL_04,PAD_2,2024-08-21,plunger_assisted_gas_lift,6.13,76.43,32.2,2194,5093,1249,1.636,77.7,2,17.02,53.6,79.5,1.37,-3,2.1,4,0.945,0,0,0,0.858,clean,0.23
EVT_0091,WELL_07,PAD_3,2024-08-24,gas_assisted_plunger,28.7,44.21,57.1,3185,5213,988,0.891,,3,40.8,49.5,112.1,-0.36,-5.2,-12.7,51,0.999,0,0,0,0.778,clean,2.95
EVT_0090,WELL_07,PAD_3,2024-08-25,gas_assisted_plunger,15.92,24.25,59.6,1967,3782,644,1.687,57.7,9,24.32,33.5,93.1,4.16,4.9,-12.2,1,0.86,0,0,0,1,clean,1.13
EVT_0096,WELL_06,PAD_2,2024-09-04,plunger_dominant,37.7,81.47,67.3,2851,3923,1261,1.289,78.7,1,34.84,37.7,103.5,2.94,9.8,-7.6,11,0.917,0,0,0,0.85,clean,0.73
EVT_0097,WELL_01,PAD_1,2024-09-05,gas_assisted_plunger,48.07,63.35,75.6,2580,3906,1114,3.33,44.6,5,37.88,49.8,70.6,3.81,12.3,-2.3,44,0.72,1,0,1,1,contaminated,0.15
EVT_0094,WELL_04,PAD_2,2024-09-06,plunger_assisted_gas_lift,11.31,53.58,42.8,2374,3130,1358,1.44,71.6,1,27.67,74.3,87.6,-9.77,-15.1,-4.7,31,0.839,1,0,0,0.795,low_quality,4.86
EVT_0095,WELL_07,PAD_3,2024-09-07,gas_assisted_plunger,22.79,28.38,74.8,2548,4882,869,1.857,75.9,5,16.48,33.5,92.4,24.18,3.2,-1,48,0.899,0,0,1,1,clean,10.17
EVT_0099,WELL_11,PAD_4,2024-09-11,plunger_dominant,20.74,22.68,62.9,1906,3593,1160,1.189,58.5,1,19.6,26.2,111.3,-3.57,-2.8,13.3,5,0.871,0,0,0,0.833,clean,0.55
EVT_0100,WELL_02,PAD_1,2024-09-12,gas_lift,36.5,38.67,38.5,1763,4488,1195,0.609,97.2,0,60.39,26.1,72,17.52,0.8,5.1,19,0.917,0,0,0,0.372,clean,1.83
EVT_0098,WELL_05,PAD_2,2024-09-13,gas_assisted_plunger,24.24,32.37,52.2,2711,3727,994,1.34,77.6,2,31.38,44.4,111.7,-6.38,2.7,6.4,5,0.95,0,0,0,0.855,low_quality,-7.09
EVT_0102,WELL_06,PAD_2,2024-09-23,gas_assisted_plunger,30.47,58.94,71,2451,4466,939,1.219,65.4,,34.35,55.1,128.8,0.38,-9.8,8.1,20,0.709,0,1,1,0.991,clean,-3.31
EVT_0101,WELL_06,PAD_2,2024-09-27,plunger_dominant,38.57,71.93,93.2,2237,4140,1269,1.645,70.9,2,22.52,25,106.3,5.95,-3.8,-1.1,7,0.986,0,0,1,1,clean,-3.23
EVT_0106,WELL_08,PAD_3,2024-09-28,gas_assisted_plunger,9.63,28.24,20.5,2447,3933,922,0.549,74.5,5,19.36,24.5,96.8,2.9,-2.1,20.2,7,0.907,0,0,0,0.606,clean,0.82
EVT_0107,WELL_06,PAD_2,2024-09-28,plunger_dominant,29.74,57.82,57.8,2630,4713,1307,1.789,76.8,2,37.44,33.6,112.3,25,-2.2,-21.9,17,0.937,0,0,0,1,clean,12.86
EVT_0110,WELL_07,PAD_3,2024-10-01,gas_assisted_plunger,22.24,2,60.6,2698,3150,1023,1.303,76.2,1,17.42,19.1,123.3,1.25,-4.3,-16.1,11,0.816,0,0,0,0.826,clean,-0.46
EVT_0105,WELL_09,PAD_3,2024-10-01,gas_lift,26.52,50.42,49.3,1966,4146,941,0.906,88.5,1,35.89,23.4,54.5,-9.68,3.1,3.3,8,0.676,0,1,0,0.606,contaminated,-6.46
EVT_0103,WELL_05,PAD_2,2024-10-03,gas_assisted_plunger,18.59,19.6,54.4,2068,3776,706,1.606,73.9,5,11.83,38.9,139.7,1.93,6.2,6.6,2,0.861,0,0,0,1,clean,1.54
EVT_0104,WELL_05,PAD_2,2024-10-03,gas_lift,26.05,36.23,56.6,2851,3418,915,1.106,90.6,0,25.79,37.9,84.8,-8.08,-0.5,-5.5,10,0.872,0,0,0,0.649,low_quality,-4.89
EVT_0111,WELL_05,PAD_2,2024-10-07,gas_assisted_plunger,16.23,10.51,62.6,2449,3480,757,2.34,71,4,19.89,67,64.6,-4.14,-1.9,30.7,14,0.529,1,1,0,1,contaminated,-1.04
EVT_0108,WELL_04,PAD_2,2024-10-09,plunger_assisted_gas_lift,26.75,39.2,5,2716,3623,1172,0.987,96.6,0,38.87,50.2,88.6,6.81,10.5,9.1,4,0.779,0,0,0,0.337,clean,0.7
EVT_0109,WELL_07,PAD_3,2024-10-11,gas_assisted_plunger,30.64,6.13,48.3,2254,3808,1217,3.13,42.6,5,10.75,54.7,105.1,1.64,9.5,13.9,52,0.64,0,1,0,1,low_quality,5.81
EVT_0115,WELL_10,PAD_4,2024-10-13,gas_assisted_plunger,25.33,36,47.7,2128,2719,,1.195,70.6,0,0.16,47.2,100.7,4.35,-4.1,-26.1,17,0.759,1,0,0,0.676,low_quality,4.55
EVT_0112,WELL_06,PAD_2,2024-10-15,plunger_dominant,29.18,68.48,82.5,2450,4706,1485,1.876,77.1,2,52.44,44.2,125.9,1.37,-14.6,11.3,30,0.682,0,1,1,1,contaminated,-4.1
EVT_0114,WELL_04,PAD_2,2024-10-24,plunger_assisted_gas_lift,26.38,52.91,5,1757,3427,930,1.212,65.4,5,24.75,46.8,77.8,4.62,-2.8,-23.2,16,0.77,1,0,0,0.778,contaminated,0.92
EVT_0117,WELL_09,PAD_3,2024-10-26,gas_lift,21.4,57.26,63.9,1785,4666,1027,1.938,92.4,0,25.37,16,28.8,-2.25,0.2,5.5,17,0.76,1,0,0,0.973,low_quality,10.55
EVT_0118,WELL_01,PAD_1,2024-10-27,gas_lift,51.95,69.73,76.4,1583,3670,1518,1.534,85.9,0,38.43,34.2,76.2,-3.48,1.6,10.3,15,0.771,0,0,1,0.907,clean,-5.08
EVT_0121,WELL_05,PAD_2,2024-10-30,gas_assisted_plunger,35.67,33.39,56,2096,4128,984,1.716,87.8,0,18.21,42,109.8,4.32,-10.8,-5,67,0.96,0,0,0,0.865,clean,-0.96
EVT_0122,WELL_10,PAD_4,2024-10-31,gas_assisted_plunger,28.75,36.94,29.9,2260,4740,792,0.721,78.6,5,44.85,40.5,101.4,2.37,-5.8,2.2,11,0.819,0,0,0,0.704,clean,2.49
EVT_0113,WELL_07,PAD_3,2024-11-02,gas_assisted_plunger,19.13,37.54,48.6,1593,3984,899,1.077,78,1,15.29,37,87,-2.24,-2.6,-6.2,6,0.793,0,0,0,0.684,clean,-0.77
EVT_0116,WELL_03,PAD_1,2024-11-02,plunger_assisted_gas_lift,18.67,41.08,32.5,2870,3820,,1.505,,0,33.9,67.2,104.9,-2.5,-1.7,-1.1,2,0.874,0,0,0,0.703,clean,-2.24
EVT_0119,WELL_09,PAD_3,2024-11-05,gas_assisted_plunger,20.31,85.24,54.8,1782,5114,908,1.479,,1,29.02,41.6,106,0.68,1.9,-9.1,14,0.877,0,0,0,0.886,clean,1.01
EVT_0124,WELL_12,PAD_4,2024-11-11,gas_assisted_plunger,19.43,65.29,55.5,2798,4496,1030,0.964,77.9,3,25.24,45.4,36.7,0.08,8.4,-2.2,19,0.871,0,0,0,0.799,clean,0.72
EVT_0120,WELL_02,PAD_1,2024-11-13,gas_lift,43.76,48.92,27.6,2498,3608,994,0.601,85.5,1,28.51,21.1,63,4.11,2.8,-1,8,0.883,0,0,0,0.397,clean,-1.34
EVT_0127,WELL_03,PAD_1,2024-11-14,plunger_assisted_gas_lift,22.86,49.22,38.5,2535,5000,1325,2.075,61.7,4,41.91,40.9,57.7,-1.01,-8.8,-17.8,2,0.873,0,0,0,1,clean,3.08
EVT_0123,WELL_08,PAD_3,2024-11-19,gas_assisted_plunger,9.81,23.92,31,2168,4240,925,1.6,66.9,6,22.25,44.1,103.5,5.38,11.7,-22.1,6,0.868,0,0,0,1,clean,1.95
EVT_0126,WELL_12,PAD_4,2024-11-20,gas_lift,15.1,87.27,47.5,2524,4664,1520,1.314,91.9,1,55.53,27.3,55.4,4.04,-1.7,-5.7,30,0.839,0,0,0,0.734,clean,0.45
EVT_0128,WELL_02,PAD_1,2024-11-22,gas_lift,36.16,69.15,44.4,1955,4172,1194,0.761,85.8,0,27.91,21.2,52.5,3.07,-0.4,1.6,2,0.836,0,0,0,0.477,clean,-2.01
EVT_0125,WELL_01,PAD_1,2024-11-25,gas_lift,47.23,65.62,65.3,1463,4495,1366,1.496,92.8,0,30.82,53.8,66,3.86,1.1,2.5,4,0.873,0,0,0,0.825,clean,-0.74
EVT_0130,WELL_11,PAD_4,2024-11-30,plunger_dominant,11.8,46.44,57.8,2072,3851,1084,1.325,77.9,1,23.23,39.4,106.6,-4.44,1.1,12,13,0.86,0,0,0,0.817,clean,-3.1
EVT_0129,WELL_07,PAD_3,2024-12-03,plunger_dominant,25.69,35.58,66.6,2844,4160,1118,1.889,84.7,2,27.67,50.7,92.7,8.83,1.3,-10.7,11,0.929,0,0,0,1,clean,1.86
EVT_0132,WELL_10,PAD_4,2024-12-06,gas_assisted_plunger,39.24,37.04,68.7,2184,3693,976,4.204,38,9,26.29,38.9,21.2,2.33,-0.2,-1.2,7,0.882,0,0,0,1,low_quality,10.45
EVT_0135,WELL_07,PAD_3,2024-12-12,gas_assisted_plunger,27.44,41.79,58.9,2335,4264,976,1.355,71.9,1,16.25,37.9,45.9,3.86,6.3,14.3,2,0.868,0,0,0,0.845,clean,0.78
EVT_0134,WELL_10,PAD_4,2024-12-13,gas_assisted_plunger,30,51.7,40.7,1993,4324,1209,1.427,68.3,2,29.03,49,76.4,-8.17,3.3,-7.9,30,0.891,0,0,0,0.846,clean,-3.36
EVT_0131,WELL_04,PAD_2,2024-12-15,plunger_assisted_gas_lift,23.07,49.49,14.1,2433,4067,941,0.447,90.8,1,37.13,43.3,110.6,-9.88,-5.3,10.4,32,0.933,0,0,0,0.265,clean,-2.73
EVT_0133,WELL_03,PAD_1,2024-12-17,plunger_assisted_gas_lift,13.41,61.91,26.9,2811,4721,1132,1.686,71.1,3,12.63,48.2,69.1,-6.42,4.2,7.6,35,0.73,0,0,0,0.922,low_quality,-0.89
EVT_0138,WELL_01,PAD_1,2024-12-20,plunger_assisted_gas_lift,38.53,51.7,57.2,2391,3780,1119,1.484,65.4,2,35.74,44,100.4,1.88,1.8,8,107,0.716,1,0,0,0.955,contaminated,-6.41
EVT_0136,WELL_07,PAD_3,2024-12-25,gas_assisted_plunger,21.53,26.4,52.9,1745,3652,1147,1.055,73.5,0,47.23,61.2,110.1,-4.01,17.2,19.5,5,0.871,0,0,0,0.647,clean,-2.76
EVT_0140,WELL_02,PAD_1,2024-12-26,gas_lift,47.42,82.72,39.2,2306,4144,895,1.784,93.2,1,48.16,31.3,62.6,-2.99,2.8,0.3,32,0.676,0,0,0,0.854,contaminated,-0.96
EVT_0141,WELL_10,PAD_4,2024-12-26,gas_assisted_plunger,26.42,37.46,39.9,3051,3896,1280,1.677,68,4,14.04,26.7,120.8,10.85,7.2,0.3,27,0.885,0,0,0,1,low_quality,3.37
EVT_0142,WELL_09,PAD_3,2024-12-27,gas_lift,13.11,46.41,60.3,1756,3634,1099,1.184,90.2,2,33.9,33.5,57.9,-2.25,1.7,7.7,24,0.908,0,0,0,0.815,low_quality,-2.94
EVT_0146,WELL_04,PAD_2,2024-12-30,gas_lift,7.38,55.57,40.5,2162,3691,1093,2.057,88.8,3,16.94,28,58.2,-5.07,-6.8,-3.7,10,0.77,0,1,0,1,low_quality,-5.87
EVT_0139,WELL_05,PAD_2,2025-01-01,gas_assisted_plunger,24.18,38.1,43.5,3105,3338,985,1.139,58.8,2,34.53,53.5,95.2,9.26,8,20.4,9,0.706,0,1,0,0.778,low_quality,1.74
EVT_0143,WELL_10,PAD_4,2025-01-02,plunger_assisted_gas_lift,33.89,37.86,43.7,1439,3277,1036,2.538,,4,15.8,52.7,20,8.28,8.6,2.5,2,0.961,0,0,0,1,clean,2.13
EVT_0144,WELL_03,PAD_1,2025-01-04,gas_lift,24.91,46.32,31.8,1605,4400,883,1.811,82.5,0,38.3,12.8,14.6,1.94,4.6,0.3,13,0.852,0,0,0,0.788,clean,0.56
EVT_0137,WELL_03,PAD_1,2025-01-04,plunger_assisted_gas_lift,15.56,50.23,46.1,2085,4004,1123,1.796,81.8,3,12.79,47.4,66.2,1.75,6.1,13.5,6,0.757,0,0,0,1,clean,-0.53
EVT_0148,WELL_11,PAD_4,2025-01-06,plunger_assisted_gas_lift,21.57,32.35,51.3,2696,3567,1195,1.294,82.7,2,38.42,37.1,107.9,1.67,-1.9,-14.9,11,0.741,0,0,0,0.824,clean,0.97
EVT_0149,WELL_03,PAD_1,2025-01-08,gas_assisted_plunger,22.19,33.45,36.6,2468,4610,1239,0.854,69.7,7,46.82,40,78.3,2.36,-5.7,13.2,24,0.879,0,0,0,0.922,clean,-0.41
EVT_0145,WELL_03,PAD_1,2025-01-12,plunger_assisted_gas_lift,18.37,48.15,44.4,2160,3916,891,1.863,86.5,0,27.07,33.1,73,-5.36,5.6,-15.7,67,0.752,0,0,0,0.861,clean,-2.72
EVT_0151,WELL_02,PAD_1,2025-01-16,gas_lift,34.79,66.88,54.9,2921,4827,1282,1.702,83.6,1,54.76,35.5,31.1,1.57,-1.6,-2.6,12,0.914,0,0,0,0.923,clean,-1.58
EVT_0150,WELL_08,PAD_3,2025-01-18,gas_assisted_plunger,13.05,50.79,37.1,2101,3780,874,1.407,82.2,0,0,45.6,92.4,-3.26,-9.3,-16,16,0.82,0,1,0,0.674,low_quality,-0.59
EVT_0154,WELL_12,PAD_4,2025-01-22,plunger_dominant,22.1,66.31,70.9,2357,4036,1277,1.343,73.3,2,31.85,34.1,69.7,-8.03,-14.5,22.3,42,0.77,0,1,1,0.958,contaminated,-10.29
EVT_0153,WELL_04,PAD_2,2025-01-23,plunger_assisted_gas_lift,18.74,48.27,46.2,2957,4848,897,1.867,74.5,3,35.29,38.4,44.5,-3.29,1.1,-1.4,24,0.793,0,1,0,1,low_quality,-1.94
EVT_0147,WELL_07,PAD_3,2025-01-26,gas_assisted_plunger,20.23,34.45,73.2,1429,3373,947,1.23,78,2,0,38.4,129.9,-0.01,5.7,-6.6,1,0.797,0,0,1,0.92,clean,-0.69
EVT_0160,WELL_04,PAD_2,2025-02-03,plunger_assisted_gas_lift,25.01,52.12,29.2,2035,4485,1099,0.641,87.3,1,51.35,42.3,103.9,-7.51,5.6,6.2,69,0.92,0,0,0,0.416,clean,-1.59
EVT_0152,WELL_09,PAD_3,2025-02-03,gas_lift,19.23,35.96,55.9,1884,4364,1142,3.169,85.2,1,33.76,33.3,18.2,-5.39,0.1,-5.5,23,0.652,0,0,0,1,contaminated,-7.25
EVT_0158,WELL_04,PAD_2,2025-02-04,gas_assisted_plunger,18.13,52.61,31.7,2093,4883,924,1.587,70.4,1,25.32,22.7,58.2,-6.86,7.6,6.3,2,0.841,0,0,0,0.793,clean,-3.18
EVT_0156,WELL_08,PAD_3,2025-02-09,gas_assisted_plunger,19.82,5.21,37.5,2487,3520,855,1.601,60.8,2,14.68,37,135.9,8.1,0.3,-5.7,1,0.781,0,1,0,0.906,contaminated,1.77
EVT_0157,WELL_10,PAD_4,2025-02-14,gas_assisted_plunger,35.7,43.25,33.9,2505,3937,1049,3.321,59,2,32.75,31.1,142.7,-3.11,-3.8,8.6,22,0.817,0,0,0,1,clean,-6.69
EVT_0155,WELL_05,PAD_2,2025-02-16,gas_lift,22.67,40.71,37.5,2341,3480,1065,2.284,86.4,1,13.46,22.8,73.7,-6.4,5.5,-2.9,23,0.826,0,0,0,1,clean,-1.02
EVT_0159,WELL_10,PAD_4,2025-02-18,gas_assisted_plunger,23.78,45.47,50,2879,3372,1191,1.075,78.7,0,22.42,42.5,40.6,15.18,-5.4,-18.4,73,0.95,0,0,0,0.629,clean,3.56
EVT_0161,WELL_10,PAD_4,2025-02-20,gas_lift,25.52,40.3,42.3,2941,3314,941,1.76,92.1,1,32.91,15.3,60.2,5.63,-3.5,-1,21,0.989,0,0,0,0.863,low_quality,4.36
EVT_0165,WELL_05,PAD_2,2025-02-28,gas_assisted_plunger,26.01,18.08,82,2493,3434,863,1.286,70.4,1,32.15,39.1,104.6,3.38,8,16.5,27,0.843,0,0,1,0.939,clean,0.79
EVT_0162,WELL_04,PAD_2,2025-03-03,plunger_assisted_gas_lift,15.48,42.78,44.8,2741,3880,1096,1.543,73.8,5,33.2,35,102.4,3.65,-8.1,-4.5,1,0.934,0,0,0,1,clean,-4.49
EVT_0169,WELL_04,PAD_2,2025-03-06,plunger_assisted_gas_lift,19.66,52.87,20.6,2861,3925,,0.682,79.2,2,25.51,51.4,99.6,-2.82,2,9.7,3,0.812,0,0,0,0.463,clean,-0.89
EVT_0163,WELL_09,PAD_3,2025-03-07,gas_lift,19.45,39.27,61.8,2284,4411,1213,1.067,96.4,0,32.1,24.7,28.4,-0.34,0.7,-6.8,21,0.907,0,0,0,0.65,clean,0.21
EVT_0164,WELL_12,PAD_4,2025-03-10,gas_assisted_plunger,11.69,71.6,51.6,1920,5028,1438,2.085,72.2,3,44.86,56.2,81.3,1.21,4.2,-11.7,3,0.797,0,0,0,1,clean,2.04
EVT_0166,WELL_06,PAD_2,2025-03-11,plunger_assisted_gas_lift,31.02,79.28,65.8,2061,4607,1361,1.631,60.2,0,51.95,34.7,120.7,-2.56,9.5,0.6,12,0.522,1,0,0,0.94,contaminated,6.4
EVT_0168,WELL_06,PAD_2,2025-03-15,plunger_dominant,36.58,81.89,80.3,1919,4606,1192,2.514,56.2,6,55.09,40.2,66.5,6.16,-5.8,-34,27,0.712,0,0,1,1,clean,2.22
EVT_0172,WELL_09,PAD_3,2025-03-15,gas_assisted_plunger,24.8,51.99,54.9,2439,3529,978,2.626,49.1,3,25.91,41.6,128.6,6.04,8.2,12,5,0.741,0,0,0,1,clean,0.59
EVT_0167,WELL_02,PAD_1,2025-03-19,plunger_assisted_gas_lift,42.78,66.66,31.2,1785,4124,1141,1.959,51.4,,34.45,39.8,94.7,0.04,9.8,-3.5,18,0.832,0,0,0,1,clean,6.37
EVT_0174,WELL_05,PAD_2,2025-03-22,plunger_assisted_gas_lift,25.64,10.37,52.3,2208,3973,1029,0.753,85.3,0,21.08,39.4,123.7,3.92,13.5,3.2,17,0.931,0,0,0,0.514,clean,0.61
EVT_0170,WELL_07,PAD_3,2025-03-26,gas_assisted_plunger,26.74,25.94,54,2399,4155,1093,1.856,69.6,0,30.64,22.9,84.7,12.52,-9.9,-12.4,12,0.845,0,0,0,0.94,clean,4.55
EVT_0173,WELL_06,PAD_2,2025-03-27,plunger_dominant,33.73,50.15,89.5,2799,4030,899,1.46,74.1,7,42.07,42.9,64.4,-2.64,20.3,-0.5,54,0.768,0,0,1,1,clean,0.14
EVT_0177,WELL_01,PAD_1,2025-03-27,gas_lift,38.7,49.94,58.2,2774,5545,1309,1.191,94.1,0,45.69,25.6,62.2,2.77,-2.5,2.6,8,0.862,0,0,0,0.68,clean,3.45
EVT_0178,WELL_12,PAD_4,2025-04-03,plunger_assisted_gas_lift,14.45,66.86,66.7,1909,3977,1284,3.028,50.5,4,40.95,32,105.1,-18.89,-2.5,-24.4,10,0.719,0,0,0,1,clean,-15.5
EVT_0175,WELL_05,PAD_2,2025-04-03,gas_lift,25.88,22.85,49.1,3300,4166,838,1.683,87.2,0,24.78,16.3,54.8,-6.42,0,-7.7,13,0.706,0,1,0,0.82,low_quality,-7.24
EVT_0171,WELL_03,PAD_1,2025-04-03,gas_assisted_plunger,22.14,49.87,39.8,1982,5086,1246,2.348,84.5,3,26.13,20.2,125.2,1.28,0.8,3.6,13,0.783,1,0,0,1,contaminated,-0.28
EVT_0176,WELL_05,PAD_2,2025-04-03,gas_assisted_plunger,22.58,8.94,63.8,1797,4821,903,1.645,75.3,0,19.74,50,85.2,3.55,2,0.1,10,0.966,0,0,0,0.904,clean,-0.25
EVT_0181,WELL_11,PAD_4,2025-04-05,gas_assisted_plunger,18.47,51.04,68.9,3096,4383,1028,1.605,65.4,2,32.19,33.3,88.6,-3.58,1.2,0.5,14,0.916,0,0,0,1,clean,-4.45
EVT_0180,WELL_04,PAD_2,2025-04-07,gas_assisted_plunger,5.68,38.81,25.9,1223,3534,1040,0.837,75.1,1,23.99,39.6,49.7,7.7,2.9,0.4,35,0.732,0,1,0,0.492,contaminated,-1.63
EVT_0187,WELL_01,PAD_1,2025-04-11,gas_assisted_plunger,44.62,47.53,52.9,2138,4483,1465,1.664,63.1,6,31.51,44,55.4,4.14,2.3,-7.6,11,0.619,0,1,0,1,clean,2.68
EVT_0184,WELL_03,PAD_1,2025-04-12,plunger_assisted_gas_lift,26.74,32.1,37,2455,3715,1040,0.814,69.2,3,29.37,37.2,51.7,16.1,-10.7,-3.4,3,0.823,0,0,0,0.671,clean,2.66
EVT_0179,WELL_05,PAD_2,2025-04-13,plunger_dominant,21,38.38,44.7,1980,3775,945,1.798,,5,21.37,50.7,53.2,-6.95,5.4,-13,29,0.783,0,0,0,1,clean,-2.11
EVT_0182,WELL_05,PAD_2,2025-04-18,gas_assisted_plunger,23.69,2,31.3,2453,4193,938,2.023,61.9,3,16.23,22.7,74.3,-1.61,-1.5,-18,10,0.733,0,0,0,1,clean,-5.08
EVT_0183,WELL_06,PAD_2,2025-04-19,gas_assisted_plunger,38.86,56.93,80.1,2732,3808,1046,1.118,68,2,43.8,27.4,114.6,8.76,5.3,1.2,7,1,0,0,1,0.936,clean,3.18
EVT_0185,WELL_09,PAD_3,2025-04-20,plunger_dominant,20.82,27.06,44.2,2748,3432,1084,1.51,73.4,1,31.3,41.3,68.7,-2.98,1.7,9.2,9,0.786,0,1,0,0.823,low_quality,-5.57
EVT_0188,WELL_01,PAD_1,2025-04-27,gas_lift,44.18,36.81,43.5,2677,4670,965,1.46,87.4,0,25.37,28.6,32.2,-1.3,1,-3.5,35,0.968,0,0,0,0.714,clean,4.17
EVT_0190,WELL_07,PAD_3,2025-05-02,gas_assisted_plunger,33.57,19.6,53.8,1678,3836,1130,3.31,63.6,3,11.56,33.3,119.7,8.47,1.8,6,2,0.863,0,0,0,1,clean,3.27
EVT_0186,WELL_06,PAD_2,2025-05-03,plunger_dominant,28.46,67.36,71.6,2156,4209,1417,1.301,83.4,0,35.71,70.2,85.1,-5.55,3.6,-9.1,65,0.96,0,0,1,0.807,clean,-6.07
EVT_0191,WELL_05,PAD_2,2025-05-06,plunger_assisted_gas_lift,25.63,7.73,53.1,2311,4210,948,0.928,75.5,0,10.85,11.4,66.6,-16.57,-2.6,-21.4,20,0.929,0,0,0,0.599,clean,-9.7
EVT_0189,WELL_12,PAD_4,2025-05-09,plunger_dominant,15.32,72.14,55.2,2519,5090,1304,1.832,84.1,1,73.13,39.6,83,-24.35,17.4,-20.9,9,0.72,0,1,0,0.969,low_quality,-18
EVT_0194,WELL_06,PAD_2,2025-05-11,gas_lift,35.4,63.65,71.9,2481,4594,1266,1.392,82.9,1,48.58,33.4,39.4,13.43,-2.9,-1.4,21,0.885,0,0,1,0.901,clean,16.4
EVT_0197,WELL_09,PAD_3,2025-05-15,gas_assisted_plunger,19.34,41.76,66,1911,3814,1108,2.569,61.9,2,38.36,60.4,116,11.05,6.3,-11.5,22,0.872,0,0,0,1,clean,11.32
EVT_0198,WELL_09,PAD_3,2025-05-21,gas_lift,27.82,73.24,61,2632,2655,1046,1.589,97,0,26.26,31,43.1,-9.21,-5.3,1.2,1,0.792,0,0,0,0.827,clean,16.6
EVT_0199,WELL_04,PAD_2,2025-05-21,plunger_assisted_gas_lift,10.45,47.08,32.7,1474,4229,1284,0.659,74.9,0,22.06,34.7,64.7,11.53,-7.6,4.9,14,0.802,0,0,0,0.404,clean,0.16
EVT_0193,WELL_10,PAD_4,2025-05-21,gas_assisted_plunger,28.19,45.04,40.6,2424,3316,1330,1.006,61.4,5,37.27,58,94.5,7.4,-1.2,6.1,2,0.835,0,0,0,0.893,clean,5.98
EVT_0195,WELL_04,PAD_2,2025-05-22,plunger_assisted_gas_lift,11.95,42.06,34.8,2568,3707,882,0.996,57.6,3,12.75,54.3,85.2,1.17,-2.7,15.5,1,1,0,0,0,0.747,clean,0.42
EVT_0196,WELL_05,PAD_2,2025-05-22,gas_assisted_plunger,28.18,37.48,69.1,2408,4281,1034,1.919,79.5,,19.33,52.4,65.3,-6.02,-2.5,18,5,0.674,1,0,0,1,clean,1.46
EVT_0200,WELL_03,PAD_1,2025-05-27,plunger_assisted_gas_lift,16.9,53.84,23.4,2533,4595,1433,1.585,64.4,3,16.06,24.3,131.8,-0.79,-13.5,-2.7,8,0.937,0,0,0,0.883,clean,1.5
EVT_0192,WELL_01,PAD_1,2025-05-29,gas_lift,34.99,73.51,71,2287,4654,1106,1.095,94.5,1,36.61,4.9,56.9,5.51,-2.7,-11.6,16,0.878,0,0,1,0.769,clean,0.75
EVT_0202,WELL_03,PAD_1,2025-06-01,plunger_assisted_gas_lift,25.73,65.08,39.2,2272,4719,866,0.957,79.4,2,43.01,44.8,102.3,-6.42,5.5,-4.6,26,0.876,0,0,0,0.652,clean,-1.27
EVT_0204,WELL_01,PAD_1,2025-06-07,gas_lift,41.13,57.72,43.6,2751,3419,1222,0.989,93.8,1,29.09,30.6,23.4,11.12,-0.3,4.9,1,0.806,0,1,0,0.597,contaminated,-1.04
EVT_0201,WELL_04,PAD_2,2025-06-11,plunger_assisted_gas_lift,2.45,41.49,32.2,2380,2708,925,2.13,64.8,4,19.06,49.8,62.5,0.9,-8.5,-21,16,0.811,0,0,0,1,low_quality,0.67
EVT_0207,WELL_04,PAD_2,2025-06-12,plunger_assisted_gas_lift,10.32,53.14,34.7,2704,4711,1049,1.157,73.8,2,26.35,19.5,101,-4.41,-4,1.9,9,0.94,0,0,0,0.711,clean,2.8
EVT_0208,WELL_12,PAD_4,2025-06-14,gas_assisted_plunger,18.08,72.89,55.9,2631,3902,1060,1.757,64.2,2,49.36,31.6,116.6,2.64,-7,-2.5,5,0.798,0,0,0,1,low_quality,1
EVT_0206,WELL_08,PAD_3,2025-06-14,gas_lift,20.45,22.07,28.2,2685,3921,990,1.297,83.4,0,37.92,27,84.3,11.55,-5.3,0,3,1,0,0,0,0.588,clean,5.17
EVT_0205,WELL_02,PAD_1,2025-06-16,gas_lift,43.29,41.66,45.9,2121,3900,1094,1.276,,0,38.51,17.8,44.8,-7.85,0.2,3.5,1,0.624,0,1,0,0.658,low_quality,-1.31
EVT_0203,WELL_02,PAD_1,2025-06-21,gas_lift,35.73,51.54,57.3,2978,3411,1129,2.049,92.7,1,40.26,23.9,47.4,2.46,-1.9,6.6,44,0.93,0,0,0,1,clean,2.07
EVT_0210,WELL_12,PAD_4,2025-06-21,gas_assisted_plunger,12.81,55.8,50.1,2371,4183,1239,0.778,77.9,3,45.66,27,51.7,-2,13.7,8.5,1,0.726,0,0,0,0.707,clean,-3.24
EVT_0211,WELL_03,PAD_1,2025-06-24,plunger_assisted_gas_lift,20.18,54.82,44.1,2879,4879,926,0.951,89.7,0,32.1,24.8,78.1,-8.11,8.2,-15.2,1,0.65,0,1,0,0.534,clean,0.93
EVT_0212,WELL_06,PAD_2,2025-06-24,gas_lift,50.65,73.44,89.9,2286,4374,1677,1.497,88.6,1,42.93,23.1,25.3,-9.74,3.3,-2.7,25,0.671,0,1,1,1,low_quality,-6.07
EVT_0209,WELL_12,PAD_4,2025-06-26,plunger_dominant,25.7,66.12,57.9,1677,4300,1086,1.99,75.3,4,53.88,32.2,112.6,-7.6,-6.2,-19,34,0.762,0,0,0,1,low_quality,-4.53
EVT_0213,WELL_09,PAD_3,2025-06-30,gas_lift,20.56,44.67,72.1,2739,4117,1175,2.054,82.9,0,47.51,16.6,107.8,1.66,-6.7,-1.6,18,0.8,0,0,1,1,clean,1.61
EVT_0215,WELL_11,PAD_4,2025-07-04,plunger_dominant,17.57,32.31,62.8,2744,4301,679,2.228,73.8,0,8.28,29,85.4,6.67,5.5,-13,26,0.957,0,0,0,1,clean,3.55
EVT_0216,WELL_04,PAD_2,2025-07-07,plunger_assisted_gas_lift,17.19,56.97,39.3,2974,3911,1035,0.872,85.9,1,34.05,50.2,88.3,3.85,-3.6,-7.5,11,0.947,0,0,0,0.55,clean,-0.18
EVT_0214,WELL_04,PAD_2,2025-07-14,plunger_dominant,17.17,59.15,26.3,2683,4182,1426,0.955,76.4,0,13.66,39.1,106.8,2.55,9.8,-4,6,1,0,0,0,0.473,clean,-1.19
EVT_0217,WELL_08,PAD_3,2025-07-20,gas_assisted_plunger,29.51,24.18,17.6,2282,2950,1383,0.374,92.6,2,32.63,35.1,124.8,9.83,-15.8,-1.8,2,0.97,0,0,0,0.314,low_quality,2.58
EVT_0220,WELL_07,PAD_3,2025-07-20,gas_lift,16.52,39.37,61.1,2142,3563,937,0.919,,0,6.8,17.9,62.3,6.85,-2.2,6.9,15,0.82,0,1,0,0.602,clean,-1.98
EVT_0221,WELL_09,PAD_3,2025-07-20,gas_lift,19.1,31.09,68.7,2222,5046,838,1.99,89.6,0,70.69,22.2,70.1,-4.87,-1,2.8,4,1,0,0,0,1,clean,-4.57
EVT_0218,WELL_04,PAD_2,2025-07-21,plunger_assisted_gas_lift,10.7,53.37,41.4,2996,3816,1099,1.584,83.3,0,24.95,54.2,38.3,-1.16,7.4,-6.4,16,0.877,0,0,0,0.755,clean,1.3
EVT_0219,WELL_02,PAD_1,2025-07-24,gas_lift,48.45,56.03,38.1,1616,4073,1184,1.439,87.5,0,45.11,29.9,50.4,1.25,-4.9,2.3,8,0.811,0,0,0,0.679,low_quality,-11.86
EVT_0225,WELL_04,PAD_2,2025-07-30,plunger_assisted_gas_lift,10.05,37.5,36.6,2428,3734,1001,0.602,78.4,2,10.72,60.5,84.6,-6.48,4.1,18.6,8,0.739,0,0,0,0.517,clean,0.76
EVT_0222,WELL_02,PAD_1,2025-08-02,gas_lift,47.61,46.04,32.8,3071,3825,1034,1.204,,0,60.27,30.8,42,-10.66,-1.1,-3.3,4,0.952,0,0,0,0.558,clean,-1.46
EVT_0223,WELL_10,PAD_4,2025-08-04,plunger_assisted_gas_lift,40.79,22.89,33.5,2294,3157,1202,1.483,69.9,0,40.11,48.9,73.5,21.57,10,-8.2,22,0.826,0,1,0,0.707,contaminated,7.57
EVT_0230,WELL_05,PAD_2,2025-08-08,gas_assisted_plunger,33.54,2.29,48.2,2734,4147,868,1.446,60.5,6,11.84,53.8,90.5,-1.63,-3.1,4.6,40,1,0,0,0,1,low_quality,-1.2
EVT_0224,WELL_02,PAD_1,2025-08-09,plunger_dominant,43.12,52.86,34.3,2019,3088,1234,2.106,71.5,2,46.52,29.7,85.1,-8.57,-5.9,-5.9,16,0.801,0,0,0,1,clean,-4.13
EVT_0231,WELL_09,PAD_3,2025-08-10,gas_lift,17.38,44.48,64,2801,4073,940,1.374,92,0,30.29,28.5,64.8,5,1.3,0,42,0.879,0,0,0,0.777,clean,-11.88
EVT_0226,WELL_12,PAD_4,2025-08-16,gas_assisted_plunger,23.23,71.58,53.2,2468,4467,1062,0.847,74.6,1,33.21,44.1,94.4,1.47,2,-8.4,1,0.87,0,0,0,0.633,low_quality,-0.11
EVT_0228,WELL_08,PAD_3,2025-08-16,gas_assisted_plunger,11.99,17.58,12.4,1696,3903,989,0.846,81.1,,26.03,34,93.6,-1.19,7.5,9.3,1,0.918,0,0,0,0.476,clean,0.23
EVT_0229,WELL_09,PAD_3,2025-08-16,plunger_assisted_gas_lift,25.55,58.05,71.3,2622,4251,1184,1.556,72.4,1,49.34,54.1,83.2,-6.08,-6.4,-15.8,3,0.82,0,0,1,0.976,clean,2.06
EVT_0227,WELL_05,PAD_2,2025-08-26,plunger_assisted_gas_lift,22.65,15.86,59.9,1750,2895,903,2.427,52.2,2,15.57,22,97.5,-5.9,-6.3,6.5,18,0.856,0,0,0,1,low_quality,-1.64
EVT_0234,WELL_08,PAD_3,2025-08-28,gas_lift,16.87,24.32,31.8,2275,3449,997,0.604,92.3,4,5.51,14.3,39.6,9.5,2.7,-6.4,13,0.61,1,0,0,0.586,contaminated,7.61
EVT_0237,WELL_07,PAD_3,2025-08-29,gas_assisted_plunger,29.69,43.7,46.2,2008,3834,986,0.703,62.9,1,34.36,38.1,70.4,25,1.3,-16.5,1,0.79,0,0,0,0.571,clean,4.03
EVT_0233,WELL_03,PAD_1,2025-08-29,plunger_assisted_gas_lift,23.78,68.29,48.1,1986,4761,1010,0.623,98.2,0,29,31.1,107.4,-7.83,-3.7,-21.8,10,0.975,0,0,0,0.422,clean,-0.02
EVT_0232,WELL_07,PAD_3,2025-09-05,gas_assisted_plunger,35.37,30.01,53.5,1769,3434,874,0.756,76.4,4,11.22,51.9,96.8,15.99,8.5,5.2,28,0.787,0,0,0,0.779,clean,4.45
EVT_0235,WELL_06,PAD_2,2025-09-05,plunger_dominant,39.93,74.31,82.2,2224,4435,1213,2.681,62.8,3,28.46,54.4,100.2,3.67,-4.8,-14.3,6,0.626,1,0,1,1,contaminated,5.42
EVT_0238,WELL_08,PAD_3,2025-09-06,gas_lift,20.55,33.64,28,3000,4090,803,1.552,96.4,0,37.08,18.6,50.2,-5.15,2.1,-5.3,8,0.974,0,0,0,0.65,clean,0.2
EVT_0240,WELL_10,PAD_4,2025-09-12,gas_assisted_plunger,25.29,37.12,35.1,3211,3185,1044,1.138,82.3,1,22.71,53.3,82.9,-6.99,0,4.8,1,0.82,0,0,0,0.629,low_quality,-2.41
EVT_0236,WELL_02,PAD_1,2025-09-13,gas_lift,48.6,68.66,43.9,2689,4580,1282,0.957,87.3,0,39.43,19.1,44.3,8.58,0.4,-0.7,5,0.901,0,0,0,0.54,low_quality,2.47
EVT_0239,WELL_04,PAD_2,2025-09-14,plunger_assisted_gas_lift,3.57,50.22,20.4,2021,3959,1099,0.932,84.9,1,32.74,40.7,66.3,2.55,4.4,6.7,32,0.944,0,0,0,0.478,clean,1.11
EVT_0243,WELL_12,PAD_4,2025-09-14,gas_assisted_plunger,21.83,73.18,75.8,2026,4948,1283,2.306,85.7,2,31.31,34.6,76.6,6.81,6.6,-13.1,34,0.789,0,0,1,1,clean,8.43
EVT_0241,WELL_11,PAD_4,2025-09-21,gas_assisted_plunger,12.14,35.56,80,2890,4527,1367,1.72,81.8,1,33.49,45.5,130.4,-3.1,-3.6,-4.5,28,0.805,1,0,1,1,clean,-2.3
EVT_0242,WELL_05,PAD_2,2025-09-24,gas_lift,16.24,31.02,32.2,1819,4704,1083,1.933,88.8,0,25.06,7.7,55.6,-1.42,4.6,2.4,15,0.576,1,0,0,0.82,contaminated,0.3
EVT_0246,WELL_02,PAD_1,2025-09-26,plunger_assisted_gas_lift,49.89,65.45,40.3,2729,3749,1209,1.16,,4,38.43,39.6,84,-1.59,-22.5,10.9,29,0.677,0,1,0,0.873,low_quality,-2.72
EVT_0244,WELL_11,PAD_4,2025-09-27,plunger_dominant,26.82,51.57,53.6,1928,4045,1120,1.406,82.8,1,22.42,46.4,51,-13.29,3.7,20.5,18,0.932,0,0,0,0.814,clean,-10.38
EVT_0247,WELL_01,PAD_1,2025-10-03,gas_lift,43.64,60.72,58.4,2822,3169,1354,1.803,82.7,1,39.2,30.5,51.5,-2.27,0.3,1.7,9,0.673,0,1,0,0.978,low_quality,1.15
EVT_0252,WELL_07,PAD_3,2025-10-05,gas_assisted_plunger,18.2,21.8,68,2069,3871,1199,2.614,68.3,3,10.21,34.6,62.2,5.71,6.1,20.7,8,0.612,1,0,0,1,clean,2.51
EVT_0253,WELL_08,PAD_3,2025-10-07,gas_assisted_plunger,10.6,32.39,38.8,1659,2873,1090,0.936,81.2,2,5.68,32.5,105,9.88,3.2,6.5,5,0.923,0,0,0,0.639,clean,4.06
EVT_0245,WELL_12,PAD_4,2025-10-11,plunger_assisted_gas_lift,18.66,80.13,52.8,2526,4653,1150,1.726,76.6,2,39.65,48.3,90.9,-9.24,-3.8,18.4,13,0.935,0,0,0,0.995,clean,-8.11
EVT_0255,WELL_09,PAD_3,2025-10-13,gas_lift,20.49,69.96,62.8,2100,4665,996,1.042,88.2,0,41.26,32.6,38.6,2.96,-1.9,-5.4,11,0.623,1,0,0,0.662,contaminated,0.51
EVT_0248,WELL_12,PAD_4,2025-10-15,gas_assisted_plunger,23.53,67.35,60.9,2315,4890,1219,1.058,73,1,34.33,39.7,81.2,3.84,-5,-1.4,10,0.881,0,0,0,0.749,clean,2.29
EVT_0251,WELL_11,PAD_4,2025-10-15,plunger_dominant,19.92,47.56,54.2,2330,4293,1112,1.42,82.8,5,16.29,56.7,103.1,25,-8.8,23.2,17,0.649,1,0,0,1,contaminated,1.27
EVT_0249,WELL_07,PAD_3,2025-10-19,gas_assisted_plunger,22.89,45.45,42.3,2393,4123,840,0.941,89.1,0,17.31,62.5,50,-1.69,4.3,26.4,8,0.887,0,0,0,0.523,clean,-7.04
EVT_0250,WELL_03,PAD_1,2025-10-21,plunger_assisted_gas_lift,18.92,73.42,32,2989,3883,1382,1.756,69.8,2,47.38,43.5,79.5,5.66,-6,-13.8,3,0.818,0,0,0,0.915,clean,4.08
EVT_0256,WELL_12,PAD_4,2025-10-22,gas_assisted_plunger,14.62,75.23,47.3,1757,3870,1359,0.878,85,1,65.62,35.8,111.3,-9.21,-5.8,-2.1,8,0.845,0,0,0,0.594,clean,-1.83
EVT_0254,WELL_04,PAD_2,2025-10-25,plunger_assisted_gas_lift,17.78,67.55,39.5,2438,4125,1465,1.627,61,3,44.74,52.5,60.1,-5.47,-2.1,-1.4,16,0.751,1,0,0,0.985,low_quality,2.92
EVT_0257,WELL_05,PAD_2,2025-10-30,gas_assisted_plunger,23.23,7.98,55.2,1954,3404,973,1.841,67.7,0,15.04,43.1,77.5,5,-4.4,-8.4,18,0.818,0,0,0,0.945,clean,1.54
EVT_0260,WELL_10,PAD_4,2025-10-31,gas_assisted_plunger,18.95,37.85,52.7,2692,3962,1153,0.815,79.4,1,30.86,46.8,94.2,-1.37,-10.7,-2.1,24,0.826,0,0,0,0.61,clean,-2.26
EVT_0259,WELL_04,PAD_2,2025-11-02,plunger_assisted_gas_lift,15.28,72.6,18.8,2463,4449,1427,0.966,79,3,18.39,35.7,71.9,-4.93,-2.9,-14.7,7,0.91,0,0,0,0.614,clean,-2.02
EVT_0258,WELL_12,PAD_4,2025-11-04,gas_lift,24.93,54.47,46.4,2293,4183,1296,2.726,88.9,0,33.29,18.1,52.7,-2.75,3.8,-0.8,1,0.865,0,0,0,1,clean,-2.78
EVT_0261,WELL_07,PAD_3,2025-11-09,gas_assisted_plunger,29.66,37.77,47.9,2462,3642,826,1.341,75.9,5,27.94,18.4,86.3,1.51,-2.7,10.8,16,0.888,0,1,0,1,contaminated,4.22
EVT_0263,WELL_08,PAD_3,2025-11-11,gas_assisted_plunger,7.76,33.14,32.7,2554,4711,833,0.797,89.6,0,38.48,67.2,128.1,-9.39,-2.5,-5.7,32,0.95,0,0,0,0.423,clean,-1.7
EVT_0262,WELL_04,PAD_2,2025-11-18,plunger_assisted_gas_lift,2.02,50.67,29.6,2284,4882,766,3.03,54.2,7,32.33,23.9,95.5,9.2,-5.4,8,22,0.666,0,0,0,1,low_quality,-0.65
EVT_0266,WELL_10,PAD_4,2025-11-18,gas_assisted_plunger,27.06,42.9,48.3,2487,3742,1155,1.331,70.3,8,26.51,52.1,66,2.3,-4,-10.2,101,0.855,0,0,0,1,clean,1.75
EVT_0268,WELL_07,PAD_3,2025-11-21,gas_lift,17.77,39.8,62.3,2722,4053,1269,1.464,89.3,0,15.27,23.1,69.9,-14,6.6,-6.7,36,0.84,0,0,0,0.805,clean,-9.32
EVT_0267,WELL_06,PAD_2,2025-11-24,plunger_assisted_gas_lift,30.11,61.53,55.6,2639,5068,899,2.348,76.5,2,28.4,32.8,76.6,-4.07,11.3,-5,23,0.92,0,0,0,1,clean,-3.61
EVT_0264,WELL_09,PAD_3,2025-11-25,gas_assisted_plunger,29.06,41.82,64.7,2845,4443,1275,1.206,82.1,0,38.7,44.1,112.1,6.98,8.7,-5.9,1,0.985,0,0,0,0.742,clean,1
EVT_0269,WELL_07,PAD_3,2025-11-25,gas_assisted_plunger,33.72,28.92,57.4,1966,3411,799,1.032,80,2,27.69,7.9,78.5,-5.6,6.1,14.1,4,1,0,0,0,0.768,clean,-0.2
EVT_0272,WELL_08,PAD_3,2025-12-02,gas_assisted_plunger,12.58,26.26,31.7,3176,3887,802,1.152,79.8,3,21.64,36.5,128.8,4.57,4,-4.1,24,0.86,0,0,0,0.742,clean,4.25
EVT_0270,WELL_05,PAD_2,2025-12-05,plunger_dominant,14.85,32.19,56,2888,3302,766,1.553,61.6,4,0,27.8,119.5,3.3,0.9,10.9,32,0.877,0,0,0,1,clean,-0.58
EVT_0271,WELL_11,PAD_4,2025-12-06,plunger_dominant,26.38,47.58,69.5,2441,4229,1098,0.907,77.6,1,29.17,36.5,72.8,6.55,2.4,9.2,20,0.599,1,0,0,0.73,clean,-0.93
EVT_0265,WELL_12,PAD_4,2025-12-08,gas_assisted_plunger,9.09,80.3,69.3,2774,4314,1180,1.673,69.3,2,31.51,42,92.6,-9.52,1.7,7.4,9,0.852,0,0,0,1,clean,-4.41
EVT_0274,WELL_08,PAD_3,2025-12-08,gas_lift,9.43,60.04,29.3,2339,3539,1560,0.964,90.3,0,22.15,26.9,64.4,-3.38,-1.9,-0.8,40,0.874,0,0,0,0.464,clean,-3.4
EVT_0275,WELL_03,PAD_1,2025-12-15,gas_assisted_plunger,32.4,61.55,8.5,1918,2940,581,0.776,76.3,1,25.6,28.3,138.1,-6.07,-2.6,23.8,8,0.976,0,0,0,0.382,clean,-3.78
EVT_0277,WELL_11,PAD_4,2025-12-16,plunger_dominant,9.51,24.11,78.4,3147,3416,823,1.053,64.1,4,4.45,32.2,79.9,3.53,-1.6,5.8,46,0.787,0,0,1,1,low_quality,-2.3
EVT_0273,WELL_01,PAD_1,2025-12-17,plunger_assisted_gas_lift,35.55,56.48,55.3,2186,4401,,0.821,76.9,1,20.41,38.9,151.7,-2.99,-11.8,-24.2,3,0.771,0,1,0,0.63,low_quality,-4.92
EVT_0279,WELL_01,PAD_1,2025-12-20,plunger_dominant,39.8,53.63,58.5,2513,4301,1082,1.511,72.4,2,42.06,44.8,56.3,-3.47,-5.9,-17.4,12,0.843,0,0,0,0.957,clean,-3.33
EVT_0280,WELL_06,PAD_2,2025-12-22,gas_lift,43.53,59.5,72,2617,4072,1137,1.476,87.5,1,49.33,16,75.2,-8.28,-1.7,1.8,24,0.716,0,1,1,0.921,contaminated,-10.53
EVT_0276,WELL_01,PAD_1,2025-12-22,gas_lift,44.86,57.58,40.9,1905,3400,1045,1.657,86.9,0,30.06,27.3,56.2,1.01,-3,0.4,17,0.892,0,0,0,0.771,clean,2.9
EVT_0281,WELL_01,PAD_1,2025-12-25,gas_lift,39.13,53.46,74.2,2846,4550,767,1.257,89.9,0,50.91,27.5,24.1,2.31,-0.4,5.5,53,0.766,0,0,1,0.792,clean,-1.95
EVT_0283,WELL_07,PAD_3,2025-12-26,plunger_dominant,21.55,14.54,65.7,2579,3479,702,1.971,63.3,2,15.5,27.6,97.4,-2.15,-0.3,0.2,21,0.851,0,0,0,1,clean,-2.5
EVT_0282,WELL_11,PAD_4,2025-12-28,plunger_dominant,15.57,26.41,68.5,2123,4592,830,1.314,79.1,1,33.05,68,62.2,3,3.6,11.1,1,0.842,0,0,0,0.864,clean,3.46
EVT_0278,WELL_07,PAD_3,2026-01-03,gas_lift,23.39,30.74,48.8,2671,4702,1189,1.044,91.8,0,26.34,37.7,63.8,-0.04,0.3,-3.2,56,0.801,0,1,0,0.586,low_quality,3.11
EVT_0284,WELL_03,PAD_1,2026-01-08,plunger_assisted_gas_lift,19.28,57.33,38.3,2787,4683,1035,0.627,77.6,3,32.36,44.8,129.4,4.12,13.4,0.8,11,0.822,0,0,0,0.596,clean,1.34
EVT_0286,WELL_03,PAD_1,2026-01-09,plunger_assisted_gas_lift,14.2,71.51,48.8,2394,5170,1142,1.369,78,3,33.17,36.3,110.3,0.82,-1.4,-0.2,14,0.901,0,0,0,0.907,clean,0.27
EVT_0287,WELL_03,PAD_1,2026-01-10,plunger_assisted_gas_lift,18.64,49.77,22.1,2455,3867,845,1.211,65.4,3,25.92,27.9,116.7,-17.43,1.4,-1.2,16,0.88,0,0,0,0.744,clean,-5.12
EVT_0285,WELL_08,PAD_3,2026-01-13,gas_assisted_plunger,10.87,48.64,38.2,2774,3216,1126,1.341,73,2,9.2,55.4,95.8,5.34,-5.2,1.2,30,0.8,0,1,0,0.795,contaminated,-0.23
EVT_0288,WELL_07,PAD_3,2026-01-23,gas_assisted_plunger,25.18,34.09,39.2,2212,4485,811,1.474,74.3,3,40.76,41.3,114.2,3.27,9.3,7.5,10,0.866,0,0,0,0.903,clean,1.08
EVT_0289,WELL_09,PAD_3,2026-01-25,gas_lift,20.63,54.56,48.4,1863,4216,1046,2.679,87.7,1,8.03,25.9,36.2,-5.43,-0.7,-3.4,4,0.803,0,0,0,1,clean,-3.59
EVT_0290,WELL_03,PAD_1,2026-01-26,plunger_assisted_gas_lift,32.89,51.53,22.4,2712,4041,904,1.05,65.1,3,35.62,47.5,62.4,2.4,4.8,-19.1,4,0.983,0,0,0,0.689,clean,-0.48
EVT_0291,WELL_08,PAD_3,2026-01-29,gas_assisted_plunger,12.45,36.25,50.3,2611,4909,1120,0.914,76.3,1,7.92,56.5,130.8,-4.03,4.3,14.5,15,0.825,0,0,0,0.639,clean,-4.02
EVT_0292,WELL_06,PAD_2,2026-02-02,plunger_dominant,38.42,63.1,43.2,1946,3076,900,2.138,74.5,4,41.17,54,120.3,-6.44,6.5,-13.1,13,1,0,0,0,1,clean,-8.1
EVT_0294,WELL_04,PAD_2,2026-02-03,plunger_assisted_gas_lift,8.93,63.5,33.8,2228,3746,1098,1.194,87.8,1,30.78,46.1,71.1,-2.75,4.2,6.9,33,0.787,0,0,0,0.632,low_quality,1.73
EVT_0293,WELL_03,PAD_1,2026-02-05,gas_assisted_plunger,25.91,52.06,22.8,1279,4132,1178,0.673,82.4,0,40.07,56.1,82.1,-4.82,4.2,0.1,15,0.973,0,0,0,0.345,clean,-1.32
EVT_0296,WELL_12,PAD_4,2026-02-07,gas_lift,16.68,64.27,43.8,2675,4463,1442,0.904,95.2,0,23.9,35.2,59.2,-17.22,-1.6,-1.4,3,0.997,0,0,0,0.505,clean,-9.48
EVT_0295,WELL_03,PAD_1,2026-02-11,plunger_assisted_gas_lift,9.08,64.8,36.7,2901,4397,1299,0.783,86.1,2,16.26,31,88.7,-10.6,3.7,24.2,28,0.915,0,0,0,0.565,low_quality,-5.03
EVT_0303,WELL_10,PAD_4,2026-02-12,gas_assisted_plunger,33.77,35.68,42.2,2671,3433,1393,0.669,70.7,5,16.86,44,75,8.82,3.7,-8.3,12,0.96,0,0,0,0.763,clean,2.24
EVT_0298,WELL_10,PAD_4,2026-02-13,gas_assisted_plunger,32.98,64.02,47,2820,4068,1193,1.604,82.4,0,43.69,71.7,47.8,4.57,1.2,5.7,37,1,0,0,0,0.791,low_quality,3.65
EVT_0297,WELL_01,PAD_1,2026-02-13,gas_lift,39.08,59.97,40.1,2537,3363,1319,2.439,83.7,1,32.66,27.6,45.4,-7.72,-5.3,-1.4,21,0.938,0,0,0,1,clean,-7.49
EVT_0299,WELL_04,PAD_2,2026-02-14,plunger_assisted_gas_lift,12.93,43.07,36.1,2566,4894,975,0.632,84.9,1,30.78,38.9,78.8,-4.19,0.4,-6.7,51,0.851,0,0,0,0.452,clean,0.33
EVT_0301,WELL_03,PAD_1,2026-02-19,plunger_assisted_gas_lift,23.58,52.76,31.6,2252,3028,1121,1.157,80.2,3,22.23,37.5,120.8,-1.75,3.5,-3.6,39,0.888,0,0,0,0.743,low_quality,-0.14
EVT_0300,WELL_05,PAD_2,2026-02-22,plunger_dominant,31.19,4.14,60.9,1442,4015,606,1.629,68.2,2,25.68,40.4,73.8,-2.19,11.8,-17.8,22,0.741,0,0,0,1,clean,-3.08
EVT_0302,WELL_06,PAD_2,2026-02-25,plunger_dominant,32.53,56.3,75.4,3345,4194,1287,1.455,74.7,3,51.08,38.7,121.4,6.53,7.5,-5.9,25,0.811,0,0,1,1,clean,4.3
EVT_0309,WELL_08,PAD_3,2026-02-26,gas_assisted_plunger,16.32,48.93,41.1,2724,3797,1068,1.311,69.2,3,23.47,45.1,112.2,-4.34,14.7,-6.1,1,0.798,0,0,0,0.866,clean,-1.78
EVT_0305,WELL_05,PAD_2,2026-03-03,gas_assisted_plunger,29.75,21.26,41.8,1534,4067,1287,1.016,69.6,2,4.52,49.5,93.3,-4.7,-3.4,-9.2,5,0.817,0,0,0,0.705,clean,-3.02
EVT_0306,WELL_02,PAD_1,2026-03-04,gas_lift,38.28,60.61,45.4,2076,4023,949,1.037,95.4,0,46.09,33.6,81.6,1.44,-0.4,-0.1,29,0.904,0,0,0,0.559,clean,0.3
EVT_0304,WELL_05,PAD_2,2026-03-04,gas_assisted_plunger,24.27,28.47,42.2,2249,4868,846,0.798,70.9,3,13.84,32.1,38.1,-11.83,21.1,0.7,7,0.891,0,0,0,0.688,clean,-5.5
EVT_0307,WELL_11,PAD_4,2026-03-15,plunger_assisted_gas_lift,11.43,44.52,59.3,2482,3332,752,1.896,64.1,2,3.31,54.6,81.7,12.69,2.1,-2.7,8,0.803,1,0,0,1,contaminated,13.86
EVT_0310,WELL_04,PAD_2,2026-03-16,gas_lift,11.45,41.48,35.2,2700,5337,1334,0.928,90.1,0,37.05,32.7,2.2,4.7,-3.8,-2.6,11,0.73,0,0,0,0.481,clean,0.11
EVT_0308,WELL_06,PAD_2,2026-03-19,plunger_dominant,35.91,56.7,66.4,1795,4349,1108,1.205,70.7,4,38.49,34.7,85.7,-2.74,-0.2,1.2,1,0.983,0,0,0,1,clean,0.8
EVT_0312,WELL_05,PAD_2,2026-03-19,gas_assisted_plunger,27.08,33.27,56.8,1758,3278,977,1.369,68.7,3,0,54.3,109,2.46,1,-8.7,25,1,0,0,0,0.966,low_quality,-0.25
EVT_0314,WELL_07,PAD_3,2026-03-22,gas_lift,13.02,40.42,68.5,2186,3650,1075,3.071,87.2,0,0,21.1,66.2,0.19,1.8,2.8,5,0.672,1,0,0,1,contaminated,1.63
EVT_0311,WELL_07,PAD_3,2026-03-23,gas_assisted_plunger,24.94,28.91,56.7,2142,4683,765,0.997,82.3,,23.14,53.8,92.7,2.5,-12.4,1,21,0.893,0,0,0,0.688,clean,-0.76
EVT_0313,WELL_04,PAD_2,2026-03-26,gas_lift,24.8,38.39,32.9,2764,3687,776,1.264,95.2,1,31.41,26.5,87,-3.19,-6.3,-6.1,36,0.837,0,0,0,0.637,clean,-0.18
EVT_0315,WELL_03,PAD_1,2026-03-29,plunger_assisted_gas_lift,20.21,45.15,30.2,2426,4159,773,1.364,57.9,6,36.39,39.6,128.4,7.78,1.4,-0.4,30,0.841,0,0,0,1,clean,1.29
EVT_0316,WELL_10,PAD_4,2026-03-30,gas_assisted_plunger,13.62,37.59,46.7,2235,3465,1263,2.029,66.3,1,27.36,55.1,62.8,4.54,4,-14.5,2,0.855,0,0,0,1,clean,0.54
EVT_0318,WELL_04,PAD_2,2026-03-31,plunger_assisted_gas_lift,17.85,59.03,36.5,2380,4141,669,1.135,82.1,4,47.54,37.6,98.5,3.35,12.3,-5.1,15,0.831,0,0,0,0.816,low_quality,-1.95
EVT_0317,WELL_06,PAD_2,2026-04-02,plunger_dominant,34.52,51.33,81.4,2497,4764,1150,1.499,59.8,2,61.08,30.2,89.7,2.11,-7.9,16,34,0.746,0,0,1,1,clean,-4.17
EVT_0319,WELL_11,PAD_4,2026-04-03,plunger_dominant,10.91,30.22,57.9,2612,3595,1173,1.801,54.2,8,27.13,54.9,87.8,-6.07,-0.6,-14.2,8,0.849,0,0,0,1,low_quality,-5.37
EVT_0320,WELL_08,PAD_3,2026-04-04,gas_assisted_plunger,16.3,54.21,29.7,2386,4334,1210,0.84,74.6,3,13.51,32.4,104.8,2.11,-3.9,8.3,1,0.954,0,0,0,0.633,clean,-0.31